<!--
/*
 * $Id$
 *
 * Copyright (c) 2002-2006 by OpenSymphony
 * All rights reserved.
 */
-->
<assembly>
    <id>all</id>
    <formats>
        <format>zip</format>
    </formats>
    <dependencySets>
        <dependencySet>
            <outputDirectory>lib</outputDirectory>
            <scope>runtime</scope>
            <excludes>
                <exclude>sun.jdk:rt</exclude>
            </excludes>
        </dependencySet>
    </dependencySets>
    <fileSets>
        <fileSet>
            <directory></directory>
            <outputDirectory></outputDirectory>
            <includes>
                <include>pom*</include>
            </includes>
            <excludes>
                <exclude>null</exclude>
                <exclude>dist</exclude>
                <exclude>build</exclude>
            </excludes>
        </fileSet>
        <fileSet>
            <directory>src/etc</directory>
            <outputDirectory></outputDirectory>
            <includes>
                <include>README*</include>
                <include>LICENSE*</include>
                <include>build*</include>
            </includes>
        </fileSet>

        <!-- Include the website in the assembly -->
        <fileSet>
            <directory>docs</directory>
            <outputDirectory>docs</outputDirectory>
        </fileSet>

        <!-- Include the XWork Javadoc in the assembly -->
        <fileSet>
          <directory>target/xwork-apidocs</directory>
          <outputDirectory>docs/xwork-apidocs</outputDirectory>
        </fileSet>

        <!-- Include the maven site in the assembly -->
        <fileSet>
            <directory>target/site</directory>
            <outputDirectory>docs/site</outputDirectory>
        </fileSet>

        <!-- Include the source code in the assembly -->
        <fileSet>
            <directory>src</directory>
            <outputDirectory>src/</outputDirectory>
            <includes>
                <include>java/</include>
                <include>test/</include>
                <include>etc/</include>
                <include>assembly/</include>
            </includes>
        </fileSet>

        <!--fileSet>
            <directory>showcase</directory>
            <outputDirectory>showcase</outputDirectory>
            <includes>
                <include>pom.xml</include>
                <include>src/</include>
            </includes>
        </fileSet-->

        <!-- Include the generated jars in archive root -->
        <fileSet>
            <directory>target</directory>
            <outputDirectory></outputDirectory>
            <includes>
                <include>xwork-${version}-javadoc.jar</include>
                <include>xwork-${version}-sources.jar</include>
                <include>xwork-${version}.jar</include>
            </includes>
        </fileSet>

        <!-- Include the backport jars into java14 dir -->
        <fileSet>
            <directory>target</directory>
            <outputDirectory>java14</outputDirectory>
            <includes>
                <include>xwork-${version}-javadoc.jar</include>
                <include>xwork-${version}-sources.jar</include>
                <include>xwork-${version}-j4.jar</include>
            </includes>
        </fileSet>

    </fileSets>
</assembly>
