<!--
/*
 * $Id$
 *
 * Copyright (c) 2002-2006 by OpenSymphony
 * All rights reserved.
 */
-->
<assembly>
    <id>src</id>
    <formats>
        <format>zip</format>
    </formats>
    <includeBaseDirectory>true</includeBaseDirectory>
    <dependencySets>
        <dependencySet>
            <outputDirectory>lib</outputDirectory>
            <scope>optional</scope>
            <excludes>
                <exclude>sun.jdk:rt</exclude>
            </excludes>
        </dependencySet>
        <dependencySet>
            <outputDirectory>lib</outputDirectory>
            <scope>compile</scope>
            <excludes>
                <exclude>sun.jdk:rt</exclude>
            </excludes>
        </dependencySet>
        <dependencySet>
            <outputDirectory>lib</outputDirectory>
            <scope>provided</scope>
            <excludes>
                <exclude>sun.jdk:rt</exclude>
            </excludes>
        </dependencySet>
    </dependencySets>
    <fileSets>

        <fileSet>
            <directory></directory>
            <outputDirectory></outputDirectory>
            <includes>
                <include>pom*</include>
            </includes>
            <excludes>
                <exclude>null</exclude>
                <exclude>dist</exclude>
                <exclude>build</exclude>
            </excludes>
        </fileSet>

        <fileSet>
            <directory>src/etc</directory>
            <outputDirectory></outputDirectory>
            <includes>
                <include>README*</include>
                <include>LICENSE*</include>
                <include>build*</include>
            </includes>
        </fileSet>

        <!-- Include the source code in the assembly -->
        <fileSet>
            <directory>src</directory>
            <outputDirectory>src/</outputDirectory>
            <includes>
                <include>java/</include>
                <include>test/</include>
                <include>etc/</include>
                <include>assembly/</include>
            </includes>
        </fileSet>

        <!--fileSet>
            <directory>showcase</directory>
            <outputDirectory>showcase</outputDirectory>
            <includes>
                <include>pom.xml</include>
                <include>src/</include>
            </includes>
        </fileSet-->

    </fileSets>
</assembly>
