<?xml version="1.0" encoding="ISO-8859-1"?>
<!DOCTYPE org.apache.commons.menus SYSTEM 'http://jakarta.apache.org/commons/build/maven-build.dtd'>
<project name="Commons IO">

  <title>Commons IO</title>

  <body>
    <links>
      <item name="Jakarta Commons" href="http://jakarta.apache.org/commons/"/>
    </links>

    <menu name="Commons IO">
      <item name="Overview" href="/index.html"/>
      <item name="Download" href="http://jakarta.apache.org/site/downloads/downloads_commons-io.cgi"/>
      <item name="User guide" href="/description.html"/>
      <item name="Best practices" href="/bestpractices.html"/>
      <!--item name="History" href="/history.html"/-->
      <item name="Javadoc (1.3.1 release)" href="api-release/index.html"/>
    </menu>
    
    <menu name="Development">
      <item name="Building" href="/building.html"/>
      <item name="Mailing lists" href="/mail-lists.html"/>
      <item name="Team" href="/team-list.html"/>
      <item name="Tasks" href="/tasks.html"/>
      <item name="Proposal" href="/proposal.html"/>
      <item name="SVN repository" href="http://svn.apache.org/viewcvs.cgi/jakarta/commons/proper/io/trunk/"/>
      <item name="Javadoc (SVN latest)" href="apidocs/index.html"/>
    </menu>
    
    &commons;

  </body>
</project>
